subject_id,theta
claude-opus-4,-4.671418190002441
claude-opus-4.5,-2.263657331466675
claude-opus-4.6,-1.4650568962097168
claude-sonnet-4,-5.8133745193481445
claude-sonnet-4.5,-3.4773569107055664
gemini-2.5-pro,-5.2763752937316895
gemini-3-flash,-3.929384231567383
gemini-3-pro,-3.2209880352020264
glm-4.5,-5.79175329208374
gpt-5,-4.351465225219727
gpt-5.1,-3.5367517471313477
gpt-5.2,-2.202613592147827
kimi-k2,-5.423165798187256
o3,-4.040370941162109
qwen3-coder,-5.845828056335449
