subject_id,theta
claude-opus-4,-4.931320667266846
claude-opus-4.5,-1.9600236415863037
claude-opus-4.6,-1.586074948310852
claude-sonnet-4,-6.019976615905762
claude-sonnet-4.5,-3.885868549346924
gemini-2.5-pro,-6.019070625305176
gemini-3-flash,-4.569438934326172
gemini-3-pro,-2.7056100368499756
glm-4.5,-5.378373146057129
gpt-5,-5.184506416320801
gpt-5.1,-3.3446996212005615
gpt-5.2,-1.7300511598587036
kimi-k2,-5.869786739349365
o3,-4.226230144500732
qwen3-coder,-4.722882270812988
