subject_id,theta
claude-opus-4,-2.469275951385498
claude-opus-4.5,-0.19046971201896667
claude-opus-4.6,0.6841107606887817
claude-sonnet-4,-2.9774506092071533
claude-sonnet-4.5,-1.354509949684143
gemini-2.5-pro,-3.1444802284240723
gemini-3-flash,-1.9041904211044312
gemini-3-pro,-0.6267343759536743
glm-4.5,-3.8920304775238037
gpt-5,-2.360460042953491
gpt-5.1,-1.5594357252120972
gpt-5.2,-0.018963638693094254
kimi-k2,-3.1439836025238037
o3,-2.427414655685425
qwen3-coder,-3.019944190979004
