subject_id,theta
claude-opus-4,-4.3242034912109375
claude-opus-4.5,-1.742085576057434
claude-opus-4.6,-1.244211196899414
claude-sonnet-4,-5.12739896774292
claude-sonnet-4.5,-2.8760972023010254
gemini-2.5-pro,-5.188480377197266
gemini-3-flash,-3.4207050800323486
gemini-3-pro,-2.8323755264282227
glm-4.5,-5.116130352020264
gpt-5,-3.9465441703796387
gpt-5.1,-3.0831501483917236
gpt-5.2,-1.8638213872909546
kimi-k2,-4.4510064125061035
o3,-3.754364490509033
qwen3-coder,-5.204254150390625
