subject_id,theta
claude-opus-4,-5.215719223022461
claude-opus-4.5,-3.045792818069458
claude-opus-4.6,-2.1836495399475098
claude-sonnet-4,-5.939489841461182
claude-sonnet-4.5,-3.769111394882202
gemini-2.5-pro,-6.330886363983154
gemini-3-flash,-4.944426536560059
gemini-3-pro,-3.6650595664978027
glm-4.5,-7.800191402435303
gpt-5,-5.874542236328125
gpt-5.1,-4.399968147277832
gpt-5.2,-2.590803623199463
kimi-k2,-5.734172344207764
o3,-4.754754066467285
qwen3-coder,-5.423527240753174
