{
  "v2": {
    "swebench_verified": {
      "Oracle": 0.9447008750382112,
      "Embedding": 0.8244238518146018,
      "LLM Judge": 0.8382236398357253,
      "Grouped": 0.8431348160696037,
      "Baseline": 0.7175333096412653
    },
    "gso": {
      "Oracle": 0.9138709306086543,
      "Embedding": 0.758053619333841,
      "LLM Judge": 0.7314998073269601,
      "Grouped": 0.7567146113982004,
      "Baseline": 0.712963849777831
    },
    "swebench_pro": {
      "Oracle": 0.918295474592482,
      "Embedding": 0.7550205574021314,
      "LLM Judge": 0.7376263394013202,
      "Grouped": 0.7696181726052618,
      "Baseline": 0.6558185109089509
    },
    "terminalbench": {
      "Oracle": 0.9316529813045087,
      "Embedding": 0.8174171304450516,
      "LLM Judge": 0.8172016956635254,
      "Grouped": 0.8305102392937304,
      "Baseline": 0.7337540860937924
    }
  },
  "v3": {
    "swebench_verified": {
      "Oracle": 0.9447008750382112,
      "Embedding": 0.8244238518146018,
      "LLM Judge": 0.8343292090290776,
      "Grouped": 0.8423512724576885,
      "Baseline": 0.7175333096412653
    },
    "gso": {
      "Oracle": 0.9138709306086543,
      "Embedding": 0.758053619333841,
      "LLM Judge": 0.7508376969861624,
      "Grouped": 0.7317672048311008,
      "Baseline": 0.712963849777831
    },
    "swebench_pro": {
      "Oracle": 0.918295474592482,
      "Embedding": 0.7550205574021314,
      "LLM Judge": 0.73696584749652,
      "Grouped": 0.7685532194996304,
      "Baseline": 0.6558185109089509
    },
    "terminalbench": {
      "Oracle": 0.9316529813045087,
      "Embedding": 0.8174171304450516,
      "LLM Judge": 0.801033840498496,
      "Grouped": 0.825298783163673,
      "Baseline": 0.7337540860937924
    }
  },
  "v5": {
    "swebench_verified": {
      "Oracle": 0.9447008750382112,
      "Embedding": 0.8244238518146018,
      "LLM Judge": 0.842581744699649,
      "Grouped": 0.8461444791748496,
      "Baseline": 0.7175333096412653
    },
    "gso": {
      "Oracle": 0.9138709306086543,
      "Embedding": 0.758053619333841,
      "LLM Judge": 0.7491560502851635,
      "Grouped": 0.7692948918815075,
      "Baseline": 0.712963849777831
    },
    "swebench_pro": {
      "Oracle": 0.918295474592482,
      "Embedding": 0.7550205574021314,
      "LLM Judge": 0.7351061477341122,
      "Grouped": 0.7670607275449379,
      "Baseline": 0.6558185109089509
    },
    "terminalbench": {
      "Oracle": 0.9316529813045087,
      "Embedding": 0.8174171304450516,
      "LLM Judge": 0.8071380343598111,
      "Grouped": 0.8290889148475393,
      "Baseline": 0.7337540860937924
    }
  },
  "v6": {
    "swebench_verified": {
      "Oracle": 0.9447008750382112,
      "Embedding": 0.8244238518146018,
      "LLM Judge": 0.8353603786365953,
      "Grouped": 0.8398699832017107,
      "Baseline": 0.7175333096412653
    },
    "gso": {
      "Oracle": 0.9138709306086543,
      "Embedding": 0.758053619333841,
      "LLM Judge": 0.750946077996078,
      "Grouped": 0.7662023067346597,
      "Baseline": 0.712963849777831
    },
    "swebench_pro": {
      "Oracle": 0.918295474592482,
      "Embedding": 0.7550205574021314,
      "LLM Judge": 0.736395800901804,
      "Grouped": 0.7665313211678384,
      "Baseline": 0.6558185109089509
    },
    "terminalbench": {
      "Oracle": 0.9316529813045087,
      "Embedding": 0.8174171304450516,
      "LLM Judge": 0.797134220845682,
      "Grouped": 0.812161252850401,
      "Baseline": 0.7337540860937924
    }
  },
  "v7": {
    "swebench_verified": {
      "Oracle": 0.9447008750382112,
      "Embedding": 0.8244238518146018,
      "LLM Judge": 0.8466558028969313,
      "Grouped": 0.8500914241641884,
      "Baseline": 0.7175333096412653
    },
    "gso": {
      "Oracle": 0.9138709306086543,
      "Embedding": 0.758053619333841,
      "LLM Judge": 0.7873226070368015,
      "Grouped": 0.794517508565761,
      "Baseline": 0.712963849777831
    },
    "swebench_pro": {
      "Oracle": 0.918295474592482,
      "Embedding": 0.7550205574021314,
      "LLM Judge": 0.7307840422078283,
      "Grouped": 0.7664156837842342,
      "Baseline": 0.6558185109089509
    },
    "terminalbench": {
      "Oracle": 0.9316529813045087,
      "Embedding": 0.8174171304450516,
      "LLM Judge": 0.8098676749937637,
      "Grouped": 0.8331906512986029,
      "Baseline": 0.7337540860937924
    }
  },
  "v8": {
    "swebench_verified": {
      "Oracle": 0.9447008750382112,
      "Embedding": 0.8244238518146018,
      "LLM Judge": 0.840625800162907,
      "Grouped": 0.8453788550132266,
      "Baseline": 0.7175333096412653
    },
    "gso": {
      "Oracle": 0.9138709306086543,
      "Embedding": 0.758053619333841,
      "LLM Judge": 0.7322642464920384,
      "Grouped": 0.7672331461976816,
      "Baseline": 0.712963849777831
    },
    "swebench_pro": {
      "Oracle": 0.918295474592482,
      "Embedding": 0.7550205574021314,
      "LLM Judge": 0.7398737844007266,
      "Grouped": 0.7687896945341077,
      "Baseline": 0.6558185109089509
    },
    "terminalbench": {
      "Oracle": 0.9316529813045087,
      "Embedding": 0.8174171304450516,
      "LLM Judge": 0.808589312563363,
      "Grouped": 0.8291135707742094,
      "Baseline": 0.7337540860937924
    }
  }
}